layer,csv_row_index,is_copy_strict,is_copy_soft_k,is_semantic_norm,is_semantic_confirmed,answer_rank,p_answer,kl_to_final_bits,entropy_bits,lens
0,0,True,,False,False,1468,0.0,14.392131489326554,1.6721300198696554e-05,norm
0,0,False,1,False,False,1468,0.0,14.392131489326554,1.6721300198696554e-05,norm
42,42,False,,True,False,1,0.9297690391540527,1.0128875226902398,0.37006711959838867,norm
42,42,False,,False,True,1,0.9297690391540527,1.0128875226902398,0.37006711959838867,tuned
